{"cameraMode":{"drawMode":0,"name":"Shaded","section":"Shading Mode"},"sceneLighting":true,"audioPlay":false,"sceneViewState":{"showFog":true,"showMaterialUpdate":false,"showSkybox":true,"showFlares":true,"showImageEffects":true,"showParticleSystems":true},"in2DMode":false,"pivot":{"x":0.11680817604064942,"y":-3.103771209716797,"z":-2.930116653442383},"rotation":{"x":0.543998658657074,"y":0.10014156252145767,"z":-0.06559505313634873,"w":0.8305032849311829},"size":42.740299224853519,"orthographic":false}