{"cameraMode":{"drawMode":0,"name":"Shaded","section":"Shading Mode"},"sceneLighting":true,"audioPlay":false,"sceneViewState":{"showFog":true,"showMaterialUpdate":false,"showSkybox":true,"showFlares":true,"showImageEffects":true,"showParticleSystems":true},"in2DMode":false,"pivot":{"x":4.453166484832764,"y":15.0,"z":-1.3191932439804078},"rotation":{"x":0.4857151210308075,"y":0.12503065168857575,"z":-0.07043059915304184,"w":0.8622600436210632},"size":21.13677406311035,"orthographic":true}