{"cameraMode":{"drawMode":0,"name":"Shaded","section":"Shading Mode"},"sceneLighting":true,"audioPlay":false,"sceneViewState":{"showFog":true,"showMaterialUpdate":false,"showSkybox":true,"showFlares":true,"showImageEffects":true,"showParticleSystems":true},"in2DMode":false,"pivot":{"x":-1.30503249168396,"y":0.42578125,"z":-0.9178622364997864},"rotation":{"x":0.12655556201934815,"y":0.005951724946498871,"z":-0.0007593313930556178,"w":0.9919419288635254},"size":11.225676536560059,"orthographic":true}